title,category,content_raw,content_clean,is_ai,char_count,raw_length,sentence_count,avg_sentence_len,sentence_len_std,total_tokens,noun_count,verb_count,adjective_count,adverb_count,josa_count,noun_ratio,verb_ratio,adjective_ratio,adverb_ratio,josa_ratio,noun_density,josa_density,friendly_ending_count,llm_style_count,period_count,exclamation_count,question_count,tilde_count,punctuation_ratio
[강남역 맛집] 바비레드 추천,맛집_리뷰,오랜만에 강남역에서 친구를 만났습니다 오늘의 선택은 파스타파스타 그래서 강남역 맛집 바비레드에... *참고사항* ★ 2019년 10월18일 ~2020년 1월 5일까지 ★ 방탄소년단 팝업스토어 기간 이래요! 강남역 맛집... ,오랜만에 강남역에서 친구를 만났습니다 오늘의 선택은 파스타파스타 그래서 강남역 맛집 바비레드에. 참고사항 2019년 10월18일 ~2020년 1월 5일까지 방탄소년단 팝업스토어 기간 이래요! 강남역 맛집.,0,92,114,3,30.666666666666668,17.441967269268172,40,19,2,0,1,6,0.475,0.05,0.0,0.025,0.15,0.20652173913043478,0.06521739130434782,0,0,2,1,0,1,0.043478260869565216
강남역 맛집 / 5000원 냉삼 회식장소로 좋은 수입식당,맛집_리뷰,강남역 맛집 / 5000원 냉삼 회식장소로 좋은 수입식당 냉삼열풍이 식지 않는 시점. 삼겹살과... 2019년 12월 [방문] 강남역 수입식당 메뉴판 가격 가격이 너무나 저렴하다. 냉동삼겹살이 5000원이라고 한다. 정말... ,강남역 맛집 5000원 냉삼 회식장소로 좋은 수입식당 냉삼열풍이 식지 않는 시점. 삼겹살과. 2019년 12월 방문 강남역 수입식당 메뉴판 가격 가격이 너무나 저렴하다. 냉동삼겹살이 5000원이라고 한다. 정말.,0,93,118,5,18.6,13.46996659238619,43,22,2,2,1,5,0.5116279069767442,0.046511627906976744,0.046511627906976744,0.023255813953488372,0.11627906976744186,0.23655913978494625,0.053763440860215055,0,0,5,0,0,0,0.053763440860215055
강남역 맛집) 신데렐라롱,맛집_리뷰,"2019년 한국브랜드리더대상에서 식품(디저트) 부문 상도 받으셨어요. 개별포장 기본이고 3, 6구 박스... - 내 맘대로 달점  신데렐라롱 서울 강남구 역삼로 139 105호 영업시간 평일 11:00 - 19:30 품절시클로즈... ",2019년 한국브랜드리더대상에서 식품 디저트 부문 상도 받으셨어요. 개별포장 기본이고 3 6구 박스. 내 맘대로 달점 신데렐라롱 서울 강남구 역삼로 139 105호 영업시간 평일 11 00 19 30 품절시클로즈.,0,92,119,3,30.666666666666668,13.474255287605157,43,26,1,0,1,2,0.6046511627906976,0.023255813953488372,0.0,0.023255813953488372,0.046511627906976744,0.2826086956521739,0.021739130434782608,0,0,3,0,0,0,0.03260869565217391
강남역 맛집 장인닭갈비 줄서서 먹은 보람이 있다!,맛집_리뷰,방문일: 2019년 3월 15일 방문장소: 서울 강남역 장인닭갈비 작성일: 2019년 3월 17일 작성장소: 서울 강남구 삼성동 (코엑스) 서울 강남역 맛집 장인닭갈비 리뷰를 시작합니다. 먼저 장인닭갈비 외관입니다. 눈과... ,방문일 2019년 3월 15일 방문장소 서울 강남역 장인닭갈비 작성일 2019년 3월 17일 작성장소 서울 강남구 삼성동 코엑스 서울 강남역 맛집 장인닭갈비 리뷰를 시작합니다. 먼저 장인닭갈비 외관입니다. 눈과.,0,92,118,3,30.666666666666668,32.31442746239243,41,28,1,1,0,2,0.6829268292682927,0.024390243902439025,0.024390243902439025,0.0,0.04878048780487805,0.30434782608695654,0.021739130434782608,0,0,3,0,0,0,0.03260869565217391
강남역 맛집 / 강남역 11번출구 맛집 / 낮 맥주가 가능 한... ,맛집_리뷰,2019년 8월 말 친구와 LG아트센터에서 뮤지컬 맘마미아를 본 그날! 맘마미아 공연을 본 후 강남역까지... 모르겠어요~ 강남역 맛집 더블린(Dublin) 이런분들께 추천합니다. 낮에 맥주한잔 하고싶으신 분들! 다양한... ,2019년 8월 말 친구와 LG아트센터에서 뮤지컬 맘마미아를 본 그날! 맘마미아 공연을 본 후 강남역까지. 모르겠어요~ 강남역 맛집 더블린 Dublin 이런분들께 추천합니다. 낮에 맥주한잔 하고싶으신 분들! 다양한.,0,95,120,5,19.0,10.526157893552615,45,19,5,1,0,7,0.4222222222222222,0.1111111111111111,0.022222222222222223,0.0,0.15555555555555556,0.2,0.07368421052631578,0,0,3,2,0,1,0.06315789473684211
[강남역맛집] 5년단골 참치21의 맛있는 숙성참치파티 (feat.... ,맛집_리뷰,참치21 02-556-0067 서울 강남구 테헤란로4길 46 평일 16:00 ~ 24:00 일요일 휴무 강남역 4번출구로 나와 대륭빌딩 뒷편의 계단을 올라 쌍용플래티넘밸류 빌딩 편의점 바로 옆에 강남역맛집 참치 21에 도착합니다.... ,참치21 02 556 0067 서울 강남구 테헤란로4길 46 평일 16 00 ~ 24 00 일요일 휴무 강남역 4번출구로 나와 대륭빌딩 뒷편의 계단을 올라 쌍용플래티넘밸류 빌딩 편의점 바로 옆에 강남역맛집 참치 21에 도착합니다.,0,97,128,1,97.0,0.0,49,26,3,0,0,4,0.5306122448979592,0.061224489795918366,0.0,0.0,0.08163265306122448,0.26804123711340205,0.041237113402061855,0,0,1,0,0,1,0.020618556701030927
강남역 라멘 맛집 마루이치[강남역맛집/데이트코스/혼밥]... ,맛집_리뷰,겨울이 되어 어느덧 2018년 한해가 지나고 2019년 1월이 되었는데요! 추운 날씨에 모두 따끈따끈 음식을... 강남역 라멘 맛집 마루이치[강남역맛집/데이트코스/혼밥] 강남역 6번출구에 위치하고 있는데 위치자체가... ,겨울이 되어 어느덧 2018년 한해가 지나고 2019년 1월이 되었는데요! 추운 날씨에 모두 따끈따끈 음식을. 강남역 라멘 맛집 마루이치 강남역맛집 데이트코스 혼밥 강남역 6번출구에 위치하고 있는데 위치자체가.,0,92,117,3,30.666666666666668,11.953614051360738,43,22,4,2,0,7,0.5116279069767442,0.09302325581395349,0.046511627906976744,0.0,0.16279069767441862,0.2391304347826087,0.07608695652173914,0,0,2,1,0,0,0.03260869565217391
분위기 좋은 강남역 맛집 푸짐하고 맛있는 바비레드,맛집_리뷰,강남역 맛집/ BTS 팝업스토어 맛집 강남 데이트 코스로 좋은 바비레드 강남본점 안녕하세요. Emily에요~ 벌써 2019년의 마지막 날이네요.. 요즘 회사랑 집근처만 다니다보니 오랜만에 분위기 좋고 맛도 좋은 곳에서... ,강남역 맛집 BTS 팝업스토어 맛집 강남 데이트 코스로 좋은 바비레드 강남본점 안녕하세요. Emily에요~ 벌써 2019년의 마지막 날이네요. 요즘 회사랑 집근처만 다니다보니 오랜만에 분위기 좋고 맛도 좋은 곳에서.,0,94,120,3,31.333333333333332,6.128258770283411,45,22,3,4,0,7,0.4888888888888889,0.06666666666666667,0.08888888888888889,0.0,0.15555555555555556,0.23404255319148937,0.07446808510638298,1,0,3,0,0,1,0.0425531914893617
"강남역맛집, 베트남쌀국수 땀땀!",맛집_리뷰,3개월 전인 2019년 10월 달에 개봉한 영화죠. 82년생 김지영이라는 영화가 생각납니다. 여태까지 이... 이 친구와 강남역에서 만나 강남역맛집 베트남쌀국수 땀땀으로 향했답니다. 이 곳의 위치는 강남역 2호선 11번... ,3개월 전인 2019년 10월 달에 개봉한 영화죠. 82년생 김지영이라는 영화가 생각납니다. 여태까지 이. 이 친구와 강남역에서 만나 강남역맛집 베트남쌀국수 땀땀으로 향했답니다. 이 곳의 위치는 강남역 2호선 11번.,0,95,121,5,19.0,8.438009243891594,50,24,3,0,0,11,0.48,0.06,0.0,0.0,0.22,0.25263157894736843,0.11578947368421053,1,0,5,0,0,0,0.05263157894736842
강남역 맛집 가성비 실화?,맛집_리뷰,15:00~17:00 강남역 맛집 마초쉐프 ! 강남역 분위기 데이트 면에서 저렴하여 젊은 분들이 찾아가기 좋을 것 같아요. 안녕하세요 ~ 연블링이에요. !! 2019년 6월10일날 휴무 날이여서 친구들과 마초쉐프라는 곳을 찾아... ,15 00~17 00 강남역 맛집 마초쉐프 ! 강남역 분위기 데이트 면에서 저렴하여 젊은 분들이 찾아가기 좋을 것 같아요. 안녕하세요 ~ 연블링이에요. ! 2019년 6월10일날 휴무 날이여서 친구들과 마초쉐프라는 곳을 찾아.,0,97,126,4,24.25,8.276472678623424,45,16,3,5,0,6,0.35555555555555557,0.06666666666666667,0.1111111111111111,0.0,0.13333333333333333,0.16494845360824742,0.061855670103092786,2,0,3,2,0,2,0.07216494845360824
강남역맛집 : 어글리스토브!,맛집_리뷰,안녕하세요~ 여러분 2020년 새해가 밝았네요~ 여러분은 2019년도에 원하던 일을 다 이루셨나요?... 그래서 강남역 양식 맛집을 검색해보니 강남역맛집 어글리스토브라는 곳이 나왔습니다. 블로그리뷰도 굉장히... ,안녕하세요~ 여러분 2020년 새해가 밝았네요~ 여러분은 2019년도에 원하던 일을 다 이루셨나요?. 그래서 강남역 양식 맛집을 검색해보니 강남역맛집 어글리스토브라는 곳이 나왔습니다. 블로그리뷰도 굉장히.,0,93,114,3,31.0,14.974051630144134,40,16,4,3,2,7,0.4,0.1,0.075,0.05,0.175,0.17204301075268819,0.07526881720430108,1,0,3,0,1,2,0.06451612903225806
[강남역 맛집/강남역 초밥] 갓덴스시 강남점,맛집_리뷰,"1.0 방문일자 : 2019년 3월 22일 2.0 음식점 명 : 갓덴스시 강남점 3.0 메뉴 : 초밥 1,500~ 3.1 접시당(색상별) 1... 당사자인 그 형의 추천 맛집인 강남역 갓덴스시로 향했다. 역시 인기가 많아서 그런지 약 30분 정도... ",1.0 방문일자 2019년 3월 22일 2.0 음식점 명 갓덴스시 강남점 3.0 메뉴 초밥 1 500~ 3.1 접시당 색상별 1. 당사자인 그 형의 추천 맛집인 강남역 갓덴스시로 향했다. 역시 인기가 많아서 그런지 약 30분 정도.,0,96,129,7,13.714285714285714,6.518419740885619,52,26,1,2,0,5,0.5,0.019230769230769232,0.038461538461538464,0.0,0.09615384615384616,0.2708333333333333,0.052083333333333336,0,0,7,0,0,1,0.08333333333333333
"[강남역 맛집] 소고기 제대로 맛보기 , 창고43 강남점",맛집_리뷰,"스튜디오 엠엠입니다^^ 벌써 작년이 되어버린 2019년, 친구 생일파티 겸 모임으로 강남역의 소고기 전문점 '창고 43'에 방문했던 날입니다. 02-508-0043 서울 강남구 강남대로 362 [지번]역삼동 826-20 대륭강남타워... ",스튜디오 엠엠입니다 벌써 작년이 되어버린 2019년 친구 생일파티 겸 모임으로 강남역의 소고기 전문점 창고 43 에 방문했던 날입니다. 02 508 0043 서울 강남구 강남대로 362 지번 역삼동 826 20 대륭강남타워.,0,96,125,2,48.0,10.0,43,23,3,1,0,5,0.5348837209302325,0.06976744186046512,0.023255813953488372,0.0,0.11627906976744186,0.23958333333333334,0.052083333333333336,0,0,2,0,0,0,0.020833333333333332
"라온위즈 9월, 본부팀의 강남역 맛집탐방",맛집_리뷰,"우선 강남역점 갔는데, 날씨도 좋고 하니 바깥에 테이블에 앉아서 같이 먹었어요! 계란말이는 넘 넘... 맛으로, 즐겁게 먹고 9월도 마무리!~! 이제 벌써 10월이고, 2019년이 3개월 남았네요! 다들 우리 화이팅합시다 !!",우선 강남역점 갔는데 날씨도 좋고 하니 바깥에 테이블에 앉아서 같이 먹었어요! 계란말이는 넘 넘. 맛으로 즐겁게 먹고 9월도 마무리!~! 이제 벌써 10월이고 2019년이 3개월 남았네요! 다들 우리 화이팅합시다 !,0,92,120,6,15.333333333333334,10.176225014982498,45,15,9,2,2,5,0.3333333333333333,0.2,0.044444444444444446,0.044444444444444446,0.1111111111111111,0.16304347826086957,0.05434782608695652,1,0,1,5,0,1,0.07608695652173914
강남 맛집 / 강남역 맛집 / 강남 일식 / 강남 복요리 &quot;강남 복... ,맛집_리뷰,블루리본 서베이 2015 &amp; 2017 &amp; 2019년 서울의 맛집 &quot;강남 복 칼국수&quot;!!! 한국판 미쉐린 가이드 블루서베이 맛집 강남 일식 &quot;강남복칼국수&quot;!!! 2015년 리본 1개 다시 방문해도 손색없는 곳!!! 2017년 리본 2개 주변인이나... ,블루리본 서베이 2015 2017 2019년 서울의 맛집 강남 복 칼국수! 한국판 미쉐린 가이드 블루서베이 맛집 강남 일식 강남복칼국수! 2015년 리본 1개 다시 방문해도 손색없는 곳! 2017년 리본 2개 주변인이나.,0,95,123,4,23.75,6.378675411086537,44,27,1,1,0,3,0.6136363636363636,0.022727272727272728,0.022727272727272728,0.0,0.06818181818181818,0.28421052631578947,0.031578947368421054,0,0,1,3,0,0,0.042105263157894736
[강남역 맛집/기념일 데이트] 마키노차야 역삼점 디너 25... ,맛집_리뷰,"받았답니당 :D (2019년 2월 기준) 정가 49,900원에서 25% 할인받아 1인 37,400원에 다녀왔어요! 네이버에 후기가 많이 없는거같아 할인정보 공유드렸습니다 ^_^ (뿌듯) 주소 서울 강남구 테헤란로8길 8 지번서울... ",받았답니당 D 2019년 2월 기준 정가 49 900원에서 25 할인받아 1인 37 400원에 다녀왔어요! 네이버에 후기가 많이 없는거같아 할인정보 공유드렸습니다 뿌듯 주소 서울 강남구 테헤란로8길 8 지번서울.,0,92,118,2,46.0,0.0,41,17,4,2,1,2,0.4146341463414634,0.0975609756097561,0.04878048780487805,0.024390243902439025,0.04878048780487805,0.18478260869565216,0.021739130434782608,0,0,1,1,0,0,0.021739130434782608
강남역 맛집/더치맥앤펍(The CHIMAC and Pub),맛집_리뷰,2019년 1월 19일 토요일 저녁의 강남은 어떤 모습일까. 궁금해하며 정~~~~~말 오랜만에 주말 저녁 강남으로 나갔다. 온라인 카페에서 잡은 약속 장소는 '더치맥앤펍(The CHIMAC and Pub)' 이런 곳에 얼마 만에... ,2019년 1월 19일 토요일 저녁의 강남은 어떤 모습일까. 궁금해하며 정~말 오랜만에 주말 저녁 강남으로 나갔다. 온라인 카페에서 잡은 약속 장소는 더치맥앤펍 The CHIMAC and Pub 이런 곳에 얼마 만에.,0,93,121,3,31.0,8.524474568362947,44,18,3,3,0,8,0.4090909090909091,0.06818181818181818,0.06818181818181818,0.0,0.18181818181818182,0.1935483870967742,0.08602150537634409,0,0,3,0,0,1,0.043010752688172046
꼴라주바캉스/ 케이스 덕후의 아이폰11케이스 (feat.내돈내산),상품_리뷰,"새 #아이폰케이스 를 구매해서 리뷰 준비해봤어요! Collage Vacance Logo Alphabet colorful case (Hard) (19,000원)... ㅎ 제가 주매한 로고 #아이폰11케이스 는 유광의 얇은 하드케이스 재질인데 ✔️가볍고 얇아서 그립감도... ",새 를 구매해서 리뷰 준비해봤어요! Collage Vacance Logo Alphabet colorful case Hard 19 000원 . 제가 주매한 로고 는 유광의 얇은 하드케이스 재질인데 가볍고 얇아서 그립감도.,0,97,122,3,32.333333333333336,13.888444437333106,37,12,5,3,0,4,0.32432432432432434,0.13513513513513514,0.08108108108108109,0.0,0.10810810810810811,0.12371134020618557,0.041237113402061855,1,0,2,1,0,0,0.030927835051546393
아이폰 11 Pro Max/ 아이폰 6s와 비교(내돈내산 개봉기),상품_리뷰,드디어 아이폰 11 Pro 구입했어요! 256기가라 사진도 넉넉하게 저장해서 좋고요. 광각렌즈와 줌렌즈까지 세 개의 렌즈가 열일하는 카메라가 장착된 아이폰입니다. 얼마 전에 남편이 먼저 구입한 아이폰 11 Pro... ,드디어 아이폰 11 Pro 구입했어요! 256기가라 사진도 넉넉하게 저장해서 좋고요. 광각렌즈와 줌렌즈까지 세 개의 렌즈가 열일하는 카메라가 장착된 아이폰입니다. 얼마 전에 남편이 먼저 구입한 아이폰 11 Pro.,0,93,119,4,23.25,6.417748826496718,49,20,3,3,1,10,0.40816326530612246,0.061224489795918366,0.061224489795918366,0.02040816326530612,0.20408163265306123,0.21505376344086022,0.10752688172043011,1,0,3,1,0,0,0.043010752688172046
블로그의 기본은 사진이다. 아이폰11 내돈내산 언박싱 후기,상품_리뷰,카메라가 3개나 있는 아이폰11PRO의 경우 50만원 이상 차이가 나기 때문에 최종 11로 낙점!! 열자마자 이어폰을 보고 앗! 아이팟을 주나보다 하고 놀라는 분들이 계실까봐 상세샷을 찍어본다. 포장 사이에 유선이... ,카메라가 3개나 있는 아이폰11PRO의 경우 50만원 이상 차이가 나기 때문에 최종 11로 낙점! 열자마자 이어폰을 보고 앗! 아이팟을 주나보다 하고 놀라는 분들이 계실까봐 상세샷을 찍어본다. 포장 사이에 유선이.,0,92,119,4,23.0,13.360389215887388,50,22,5,2,0,10,0.44,0.1,0.04,0.0,0.2,0.2391304347826087,0.10869565217391304,0,0,2,2,0,0,0.043478260869565216
"아이폰 11pro 케이스 추천... 케이스 할인 팁, 내돈내산 후기!",상품_리뷰,디자인스킨 아이폰 11pro 케이스 추천 내돈내산 후기 맞음. 믿어주세야. 아무튼 제가 요번에 구매한 아이폰 11pro 케이스는 바로 요것 스페이스 글로샌드 그래픽 케이스! 요새는 핸드폰케이스도 레트로 감성의... ,디자인스킨 아이폰 11pro 케이스 추천 내돈내산 후기 맞음. 믿어주세야. 아무튼 제가 요번에 구매한 아이폰 11pro 케이스는 바로 요것 스페이스 글로샌드 그래픽 케이스! 요새는 핸드폰케이스도 레트로 감성의.,0,92,117,4,23.0,13.24764129949177,45,24,2,0,1,7,0.5333333333333333,0.044444444444444446,0.0,0.022222222222222223,0.15555555555555556,0.2608695652173913,0.07608695652173914,0,0,3,1,0,0,0.043478260869565216
"E6300 / 내돈내산 / 구독자... 키보드 / 아이폰,아이패드... ",상품_리뷰,총정리 내돈내산 / Rapoo E6300 얼마나 작은 키보드길래!! Rapoo 제품은 첨 써봐서 잘 모르는 브랜드일 수... 세계에서 가장 얇은 5.6mm 랍니다~ 오른쪽보면 나오지만 아이패드 아이폰 전용 키보드입니다... ,총정리 내돈내산 Rapoo E6300 얼마나 작은 키보드길래! Rapoo 제품은 첨 써봐서 잘 모르는 브랜드일 수. 세계에서 가장 얇은 5.6mm 랍니다~ 오른쪽보면 나오지만 아이패드 아이폰 전용 키보드입니다.,0,92,117,4,23.0,8.306623862918075,46,19,6,3,1,3,0.41304347826086957,0.13043478260869565,0.06521739130434782,0.021739130434782608,0.06521739130434782,0.20652173913043478,0.03260869565217391,0,0,3,1,0,1,0.05434782608695652
&quot;아이폰11프로&quot; 홍콩판 직구 내돈내산 솔직후기! / 언박싱,상품_리뷰,IPHONE 11 PRO 홍콩판 제품명 : 아이폰11프로 / Iphone11Pro 홍콩버전 색상 : 실버 용량 : 256GB 구매처 : 큐텐... 준 #내돈내산 솔직리뷰 입니다. 홍콩판 아이폰 구매대행 하시는 분들께 조금이나마 도움이 되길 바라며... ,IPHONE 11 PRO 홍콩판 제품명 아이폰11프로 Iphone11Pro 홍콩버전 색상 실버 용량 256GB 구매처 큐텐. 준 솔직리뷰 입니다. 홍콩판 아이폰 구매대행 하시는 분들께 조금이나마 도움이 되길 바라며.,0,95,120,3,31.666666666666668,19.22382780706162,45,24,3,1,0,3,0.5333333333333333,0.06666666666666667,0.022222222222222223,0.0,0.06666666666666667,0.25263157894736843,0.031578947368421054,0,0,3,0,0,0,0.031578947368421054
"내돈내산 아이폰11 pro max 실버(화이트) 개봉기, 아이폰 가격... ",상품_리뷰,"아이폰11 pro max 화이트 실제 후기 혀러분 갤럭시20과 아이폰11과의 고민 끝에 거거익선이라고..크고 제일 좋은 걸로 아이폰11 PRO MAX 플렉스 해버렸답니다:) 이렇게 비싼 휴대폰을 고르는 것도 처음, 아이폰도... ",아이폰11 pro max 화이트 실제 후기 혀러분 갤럭시20과 아이폰11과의 고민 끝에 거거익선이라고.크고 제일 좋은 걸로 아이폰11 PRO MAX 플렉스 해버렸답니다 이렇게 비싼 휴대폰을 고르는 것도 처음 아이폰도.,0,95,121,2,47.5,1.5,43,20,3,2,1,7,0.46511627906976744,0.06976744186046512,0.046511627906976744,0.023255813953488372,0.16279069767441862,0.21052631578947367,0.07368421052631578,1,0,2,0,0,0,0.021052631578947368
&lt;아이폰 11 퍼플 64g&gt; 내돈내산 후기,상품_리뷰,"곧 아이폰 12가 출시되지만, 라이트 유저인 내게 100여만원이 넘을 아이폰 12는 쓰잘데기가..... 그래서 아이폰 11로 결정. 성지를 찾아 헤매다가 적절한 가격으로 기변. SKT를 계속 쓰는 이유는 하나. 댕댕이한테... ",곧 아이폰 12가 출시되지만 라이트 유저인 내게 100여만원이 넘을 아이폰 12는 쓰잘데기가. 그래서 아이폰 11로 결정. 성지를 찾아 헤매다가 적절한 가격으로 기변. SKT를 계속 쓰는 이유는 하나. 댕댕이한테.,0,92,119,5,18.4,12.043255373859678,49,19,9,1,1,7,0.3877551020408163,0.1836734693877551,0.02040816326530612,0.02040816326530612,0.14285714285714285,0.20652173913043478,0.07608695652173914,0,0,5,0,0,0,0.05434782608695652
아이폰11pro/ 김혜수 아르노 폰 스트랩/ 내돈내산후기,상품_리뷰,가격은 29000원인데 마침 SSF몰에도 입점되어서 할인하고 있길래 26000원대 구매했다 포장이 군더더기 없이 깔끔하게 왔다 포장되어있는 상태로는 굉장히 가벼웠다 내 폰은 아이폰11pro니까 포장지를 벗겨보면... ,가격은 29000원인데 마침 SSF몰에도 입점되어서 할인하고 있길래 26000원대 구매했다 포장이 군더더기 없이 깔끔하게 왔다 포장되어있는 상태로는 굉장히 가벼웠다 내 폰은 아이폰11pro니까 포장지를 벗겨보면.,0,96,118,1,96.0,0.0,40,13,8,4,1,6,0.325,0.2,0.1,0.025,0.15,0.13541666666666666,0.0625,0,0,1,0,0,0,0.010416666666666666
통큰준구씨 쇼핑몰 아이폰 케이스 추천 내돈내산,상품_리뷰,"아이폰 꾸미기 미러톡 13,900원 아이쉴드방탄 강화유리 11,900원 파스텔글라스케이스 17,900원 안녕하세요 블로거 찐탱이예요 :) 올릴건 너무너무 많은게 이상하게 요새 자꾸 후기만 쓰네용 내돈내산 후기입니다... ",아이폰 꾸미기 미러톡 13 900원 아이쉴드방탄 강화유리 11 900원 파스텔글라스케이스 17 900원 안녕하세요 블로거 찐탱이예요 올릴건 너무너무 많은게 이상하게 요새 자꾸 후기만 쓰네용 내돈내산 후기입니다.,0,93,117,1,93.0,0.0,42,19,4,4,3,2,0.4523809523809524,0.09523809523809523,0.09523809523809523,0.07142857142857142,0.047619047619047616,0.20430107526881722,0.021505376344086023,1,0,1,0,0,0,0.010752688172043012
호주 시드니 애플스토어에서 아이폰11(iPhone11) 화이트... ,상품_리뷰,"호주 시드니 애플스토어에서 아이폰11(iPhone11) 화이트 구매후기 언박싱 9월 초, 아이폰11, 11pro가... 클릭시 아이폰11 화이트 구매페이지로 이동합니다 내돈내산 후기이며, 파트너스 활동을 통해 일정액의... ",호주 시드니 애플스토어에서 아이폰11 iPhone11 화이트 구매후기 언박싱 9월 초 아이폰11 11pro가. 클릭시 아이폰11 화이트 구매페이지로 이동합니다 내돈내산 후기이며 파트너스 활동을 통해 일정액의.,0,94,116,2,47.0,3.0,46,24,2,0,0,5,0.5217391304347826,0.043478260869565216,0.0,0.0,0.10869565217391304,0.2553191489361702,0.05319148936170213,0,0,2,0,0,0,0.02127659574468085
[내돈내산]아이디얼오브스웨덴 아이폰11PRO케이스... ,상품_리뷰,IDEAL OF SWDEN 블랙프라이데이 직구하기 50%할인+20%추가할인 아이폰 11pro 케이스 갤럭시S10케이스 에어팟... 실물이 진짜 더 예쁜데 설명할길이 ㅠㅠ 여기서 내돈내산 후기를 끝 +덧 쓰면서 찾아보니 바로... ,IDEAL OF SWDEN 블랙프라이데이 직구하기 50 할인 20 추가할인 아이폰 11pro 케이스 갤럭시S10케이스 에어팟. 실물이 진짜 더 예쁜데 설명할길이 여기서 내돈내산 후기를 끝 덧 쓰면서 찾아보니 바로.,0,93,119,2,46.5,10.5,42,21,4,1,0,3,0.5,0.09523809523809523,0.023809523809523808,0.0,0.07142857142857142,0.22580645161290322,0.03225806451612903,0,0,2,0,0,0,0.021505376344086023
애플 정품 아이폰 실리콘 케이스 사용 후기 / 아이폰 11 pro... ,상품_리뷰,네이버 스토어팜에서 아이폰 케이스 공구 했어요  IPhon Slilcon Case 뜨끈뜨끈 case 색 대 존 예 원쁠원... 케이스 내돈내산ㅋㅋㅋ 예쁜 케이스를 찾아서 구입도 해주구 (네이버에 똑같은 케이스를 진짜 많이 판매... ,네이버 스토어팜에서 아이폰 케이스 공구 했어요 IPhon Slilcon Case 뜨끈뜨끈 case 색 대 존 예 원쁠원. 케이스 내돈내산 예쁜 케이스를 찾아서 구입도 해주구 네이버에 똑같은 케이스를 진짜 많이 판매.,0,92,120,2,46.0,6.0,44,20,7,2,1,4,0.45454545454545453,0.1590909090909091,0.045454545454545456,0.022727272727272728,0.09090909090909091,0.21739130434782608,0.043478260869565216,1,0,2,0,0,0,0.021739130434782608
(내돈내산) &lt;한달후기&gt; ‘아이몰’ 변색없는 아이폰 케이스 !!,상품_리뷰,"(내돈내산) 아이폰11 퍼플 기종을 쓰고 있는데용 뒷면 퍼플 색이 너무 예쁘잖아요 ~~ 그래서 보통 투명... 사실 투명케이스 치고는 가격이 좀 있었어요 18,900원+배송비 3,000원 = 21,900원이었습니당 11/5에 집에... ",내돈내산 아이폰11 퍼플 기종을 쓰고 있는데용 뒷면 퍼플 색이 너무 예쁘잖아요 ~ 그래서 보통 투명. 사실 투명케이스 치고는 가격이 좀 있었어요 18 900원 배송비 3 000원 21 900원이었습니당 11 5에 집에.,0,92,122,2,46.0,4.0,46,17,1,3,2,6,0.3695652173913043,0.021739130434782608,0.06521739130434782,0.043478260869565216,0.13043478260869565,0.18478260869565216,0.06521739130434782,0,0,2,0,0,1,0.03260869565217391
아이폰11    신지모루  풀커버... 사용 후기 !!내돈내산 후기!!,상품_리뷰,"작년 10월 아이폰11을 구매하고 지금껏 7개월 이용한 신지모루 아이폰11 전면풀커버 액정이 깨졌다 책상 모서리에 2연타를 맞아 측면부 액정이 깨졌다 전에는 아이폰 6s를 사용했는데 다이소나 티몬에서 1,500... ",작년 10월 아이폰11을 구매하고 지금껏 7개월 이용한 신지모루 아이폰11 전면풀커버 액정이 깨졌다 책상 모서리에 2연타를 맞아 측면부 액정이 깨졌다 전에는 아이폰 6s를 사용했는데 다이소나 티몬에서 1 500.,0,92,118,1,92.0,0.0,50,25,4,0,0,10,0.5,0.08,0.0,0.0,0.2,0.2717391304347826,0.10869565217391304,0,0,1,0,0,0,0.010869565217391304
내돈내산 케이스티파이... 화려한 리사프랭크 아이폰케이스,상품_리뷰,"케이스티파이 아이폰케이스 협찬도 많이 뿌리는 케이스티파이지만 나는 내돈내산,, Lisa Frank x Casetify 리사프랭크 케이스티파이 콜라보 제품이다 키치하고 정신없는 디자인이 너무 귀엽다 테두리는 내가 고를... ",케이스티파이 아이폰케이스 협찬도 많이 뿌리는 케이스티파이지만 나는 내돈내산 Lisa Frank x Casetify 리사프랭크 케이스티파이 콜라보 제품이다 키치하고 정신없는 디자인이 너무 귀엽다 테두리는 내가 고를.,0,96,119,1,96.0,0.0,45,24,2,2,2,8,0.5333333333333333,0.044444444444444446,0.044444444444444446,0.044444444444444446,0.17777777777777778,0.25,0.08333333333333333,0,0,1,0,0,0,0.010416666666666666
"2020년 연말정산 바뀌는 것들, 신용카드 소득공제 대상 제외항목",전문_정보,"월세액 : 세액공제를 적용받은 경우 10. 해외에서 사용한 금액 11. 자동차 렌트, 리스비 12. 면세품 구입비 더 있나? 아참~ 내년~ 2020년 연말정산 바뀌는 점!!! 1. 내년에 올해 소득분 신고할 때 실손의료비 받은... ",월세액 세액공제를 적용받은 경우 10. 해외에서 사용한 금액 11. 자동차 렌트 리스비 12. 면세품 구입비 더 있나? 아참~ 내년~ 2020년 연말정산 바뀌는 점! 1. 내년에 올해 소득분 신고할 때 실손의료비 받은.,0,92,122,7,13.142857142857142,5.962467644202631,55,29,5,1,0,4,0.5272727272727272,0.09090909090909091,0.01818181818181818,0.0,0.07272727272727272,0.31521739130434784,0.043478260869565216,0,0,5,1,1,2,0.09782608695652174
[연말정산] 2020년 연말정산 ‘신용카드’공제혜택 정리!,전문_정보,신용카드 공제혜택 을 정리해보려고 한다. 연말정산은 무엇인가? 본론으로 들어가기 전에 먼저 연말정산이란 무엇인가? 2020년 1월 1일부터 2020년 12월 31일까지 소득에 대한 정산 납부일 : 3월 10일까지 1년동안... ,신용카드 공제혜택 을 정리해보려고 한다. 연말정산은 무엇인가? 본론으로 들어가기 전에 먼저 연말정산이란 무엇인가? 2020년 1월 1일부터 2020년 12월 31일까지 소득에 대한 정산 납부일 3월 10일까지 1년동안.,0,97,122,4,24.25,13.386093530227555,44,16,3,0,0,8,0.36363636363636365,0.06818181818181818,0.0,0.0,0.18181818181818182,0.16494845360824742,0.08247422680412371,0,0,2,0,2,0,0.041237113402061855
2020년 연말정산 미리 준비하자! 개념 및 소득공제 세액공제... ,전문_정보,이것이 바로 연말정산! - 1년 기준(1. 1. ~ 12. 31.)으로 정산하고 내년 1~2월에 서류 제출하고 3월... 신용카드 공제가 가능 2019년 연말정산 살펴보기 &amp; 2020년 계획 세우기 2019년 연말정산 살펴보기... ,이것이 바로 연말정산! 1년 기준 1. 1. ~ 12. 31. 으로 정산하고 내년 1~2월에 서류 제출하고 3월. 신용카드 공제가 가능 2019년 연말정산 살펴보기 2020년 계획 세우기 2019년 연말정산 살펴보기.,0,93,121,7,13.285714285714286,14.78140033685467,42,14,3,0,0,5,0.3333333333333333,0.07142857142857142,0.0,0.0,0.11904761904761904,0.15053763440860216,0.053763440860215055,0,0,6,1,0,2,0.0967741935483871
2020 연말정산 미리보기! 새로운 공제항목은?,전문_정보,"오늘은 2020 연말정산 미리보기 소식과 함께 연말정산 간소화 서비스, 2020년 달라진 연말정산 공제 항목에는 어떤 것들이 있는지 알아볼게요! ^^ 1. 2020 연말정산 미리보기 지난 10월 30일 국세청에서는 2020... ",오늘은 2020 연말정산 미리보기 소식과 함께 연말정산 간소화 서비스 2020년 달라진 연말정산 공제 항목에는 어떤 것들이 있는지 알아볼게요! 1. 2020 연말정산 미리보기 지난 10월 30일 국세청에서는 2020.,0,95,121,3,31.666666666666668,24.499433100017278,36,15,2,2,1,5,0.4166666666666667,0.05555555555555555,0.05555555555555555,0.027777777777777776,0.1388888888888889,0.15789473684210525,0.05263157894736842,0,0,2,1,0,0,0.031578947368421054
증권사 이전완료 및 300만 입금. 연말정산 세액공제 받기,전문_정보,"대충 간단히 계산하면, 내가 2020년 연말정산 했더니 추가로 내야할 세금이 40만원이다! 그런데 내가 IRP 300 입금해놨다 그래서 396,000원 세액공제다. (13.2% 가정) 그러므로 내가 2월에 뱉어내야할 세금은... ",대충 간단히 계산하면 내가 2020년 연말정산 했더니 추가로 내야할 세금이 40만원이다! 그런데 내가 IRP 300 입금해놨다 그래서 396 000원 세액공제다. 13.2 가정 그러므로 내가 2월에 뱉어내야할 세금은.,0,95,121,4,23.75,13.589977924926883,44,14,5,2,1,7,0.3181818181818182,0.11363636363636363,0.045454545454545456,0.022727272727272728,0.1590909090909091,0.14736842105263157,0.07368421052631578,0,0,3,1,0,0,0.042105263157894736
2020 연말정산 미리미리 준비하기 [1편] 현금영수증 소득공제... ,전문_정보,근로소득세를 연말에 다시 따져 세액을 정산하는 절차를 뜻합니다. 더 많이 납부한 세금은 다시... 2020 연말정산 소득공제율을 한시적으로 확대하였습니다. 2020년 3월 사용분에 대한 결제 수단 별 소득공제율을... ,근로소득세를 연말에 다시 따져 세액을 정산하는 절차를 뜻합니다. 더 많이 납부한 세금은 다시. 2020 연말정산 소득공제율을 한시적으로 확대하였습니다. 2020년 3월 사용분에 대한 결제 수단 별 소득공제율을.,0,92,117,4,23.0,6.442049363362563,48,24,4,0,1,10,0.5,0.08333333333333333,0.0,0.020833333333333332,0.20833333333333334,0.2608695652173913,0.10869565217391304,0,0,4,0,0,0,0.043478260869565216
2020년 연말정산! 산후조리원 등 혜택 커진 소득 공제 항목... ,전문_정보,"직장인들에겐 13월의 월급이라고 불리는 연말정산, 2019년을 마무리하고 2020년 연말정산이 곧... 200만원까지 연말소득공제 받을 수 있다고 해요. 산후조리원 비용은 1월 15일부터 연말정산 간소화 서비스에서... ",직장인들에겐 13월의 월급이라고 불리는 연말정산 2019년을 마무리하고 2020년 연말정산이 곧. 200만원까지 연말소득공제 받을 수 있다고 해요. 산후조리원 비용은 1월 15일부터 연말정산 간소화 서비스에서.,0,95,117,3,31.666666666666668,9.741092797468305,39,15,2,1,0,7,0.38461538461538464,0.05128205128205128,0.02564102564102564,0.0,0.1794871794871795,0.15789473684210525,0.07368421052631578,1,0,3,0,0,0,0.031578947368421054
[일상] 2020년 연말정산 소득공제 추가로 받는 항목 알아보기,전문_정보,"연말정산 정의 국세청에서 1년 동안 간이세액표에 따라 거둬들인 근로소득세를 연말에 다시 따져보고... 소득 공제가 가능하다. 2020년 연말정산 변경사항 급여가 7,000만 원 이하인 경우 19. 7. 1. 이후 박물관... ",연말정산 정의 국세청에서 1년 동안 간이세액표에 따라 거둬들인 근로소득세를 연말에 다시 따져보고. 소득 공제가 가능하다. 2020년 연말정산 변경사항 급여가 7 000만 원 이하인 경우 19. 7. 1. 이후 박물관.,0,93,121,6,15.5,15.553670520705609,47,23,3,1,0,7,0.48936170212765956,0.06382978723404255,0.02127659574468085,0.0,0.14893617021276595,0.24731182795698925,0.07526881720430108,0,0,6,0,0,0,0.06451612903225806
2020년 #연말정산 바로알기 &amp; 연말정산 변경사항 정보,전문_정보,8월부터 연말까지는 기존의 소득공제율을 그대로 적용한다고 해요. 2020년 연말정산 소득공제율 세부내역은 아래 표를 참고해 주세요~ 결제수단 1-2월 3월 4~7월 8-12월 신용카드 15% 30% 80% 15% 체크카드... ,8월부터 연말까지는 기존의 소득공제율을 그대로 적용한다고 해요. 2020년 연말정산 소득공제율 세부내역은 아래 표를 참고해 주세요~ 결제수단 1 2월 3월 4~7월 8 12월 신용카드 15 30 80 15 체크카드.,0,93,120,2,46.5,17.5,44,18,3,1,0,5,0.4090909090909091,0.06818181818181818,0.022727272727272728,0.0,0.11363636363636363,0.1935483870967742,0.053763440860215055,1,0,2,0,0,2,0.043010752688172046
"2020년 변경된 연말 정산 하는법 (소득공제, 월세 환급 등)",전문_정보,2월에 정산하게 됨 - 2020년 연말정산 변경사항 이 외에도 1. 총 급여 7천만 원 이하자 산후조리원 비용 출산 1회당 200만 원 세액공제 2. 고액 기부금 기준금액 1000만 원 초과로 확대 3. 중소기업 취업자 감면... ,2월에 정산하게 됨 2020년 연말정산 변경사항 이 외에도 1. 총 급여 7천만 원 이하자 산후조리원 비용 출산 1회당 200만 원 세액공제 2. 고액 기부금 기준금액 1000만 원 초과로 확대 3. 중소기업 취업자 감면.,0,92,124,4,23.0,8.455767262643882,48,25,3,0,0,2,0.5208333333333334,0.0625,0.0,0.0,0.041666666666666664,0.2717391304347826,0.021739130434782608,0,0,4,0,0,0,0.043478260869565216
알면 득이 되는 연말정산 꿀팁! 2020년 달라지는 연말정산... ,전문_정보,"연말정산 2020년 달라진 점은? 박물관, 미술관 신용카드 소득공제 2019년 7월 1일 이후 총 급여 7,000만 원 이하인 근로자가 박물관, 미술관 입장료를 신용카드로 결제한 경우 30% 소득공제율이 적용됩니다. 의료비... ",연말정산 2020년 달라진 점은? 박물관 미술관 신용카드 소득공제 2019년 7월 1일 이후 총 급여 7 000만 원 이하인 근로자가 박물관 미술관 입장료를 신용카드로 결제한 경우 30 소득공제율이 적용됩니다. 의료비.,0,94,122,3,31.333333333333332,31.201851796897497,42,23,2,0,0,7,0.5476190476190477,0.047619047619047616,0.0,0.0,0.16666666666666666,0.24468085106382978,0.07446808510638298,0,0,2,0,1,0,0.031914893617021274
2020 연말정산 소득공제 하는 법과 변경사항 알아보자!,전문_정보,연말정산? 연말정산은 국세청에서 1년 동안 간이세액표에 따라 거둬들인 근로소득세를 연말에 다시... 소득공제 2020년 연말정산 소득공제를 위한 개정세법 내용의 적용은 2020년 1월 1일을 기준으로 적용되고... ,연말정산? 연말정산은 국세청에서 1년 동안 간이세액표에 따라 거둬들인 근로소득세를 연말에 다시. 소득공제 2020년 연말정산 소득공제를 위한 개정세법 내용의 적용은 2020년 1월 1일을 기준으로 적용되고.,0,92,115,3,30.666666666666668,18.696404883173543,43,21,3,0,0,10,0.4883720930232558,0.06976744186046512,0.0,0.0,0.23255813953488372,0.22826086956521738,0.10869565217391304,0,0,2,0,1,0,0.03260869565217391
2020년 연말정산 2 (연금계좌-세액공제),전문_정보,"2020년 연말정산1에 이어서 연말정산 세액공제 항목 중 연금계좌에 대해 포스팅 해보겠습니다. 1. 연금 계좌 : 연간 1800만원 납입 가능 , irp 까지 가입시 최대 700만원 세액공제 ( 연금저축 +irp = 최대 700만원... ",2020년 연말정산1에 이어서 연말정산 세액공제 항목 중 연금계좌에 대해 포스팅 해보겠습니다. 1. 연금 계좌 연간 1800만원 납입 가능 irp 까지 가입시 최대 700만원 세액공제 연금저축 irp 최대 700만원.,0,94,121,3,31.333333333333332,20.997354330698162,39,23,1,0,1,3,0.5897435897435898,0.02564102564102564,0.0,0.02564102564102564,0.07692307692307693,0.24468085106382978,0.031914893617021274,0,0,3,0,0,0,0.031914893617021274
2020년 연말정산 꿀팁! 전년도와 달라진 내용 확인하고 가세요~,전문_정보,"2020년 연말정산 꿀팁! 새롭게 달라진 점은? '13월의 월급', '13월의 보너스'라고 불리는 연말정산이... 확인해보세요~ &lt;2020 연말정산 기간&gt; 2020.1.15 부터 시작! 1.박물관·미술관 입장료 소득공제 추가 총 급여... ",2020년 연말정산 꿀팁! 새롭게 달라진 점은? 13월의 월급 13월의 보너스 라고 불리는 연말정산이. 확인해보세요~ 2020 연말정산 기간 2020.1.15 부터 시작! 1.박물관 미술관 입장료 소득공제 추가 총 급여.,0,97,123,8,12.125,8.115378919064716,42,18,3,1,0,3,0.42857142857142855,0.07142857142857142,0.023809523809523808,0.0,0.07142857142857142,0.18556701030927836,0.030927835051546393,0,0,5,2,1,1,0.09278350515463918
"연금펀드, 연금ETF로 연말정산 소득공제 받기(Ft. 키움증권)",전문_정보,"이벤트 기간 2020년 11월 16일 ~2020년 12월 31일 아마 20년 귀속 연말정산 때문에 연말정산 소득공제를 노리고 연금펀드에 가입하시려는 분들이 많으실텐데, 이번에 키움증권에서 이벤트를 하고 있으니... ",이벤트 기간 2020년 11월 16일 ~2020년 12월 31일 아마 20년 귀속 연말정산 때문에 연말정산 소득공제를 노리고 연금펀드에 가입하시려는 분들이 많으실텐데 이번에 키움증권에서 이벤트를 하고 있으니.,0,92,116,1,92.0,0.0,39,16,3,2,0,8,0.41025641025641024,0.07692307692307693,0.05128205128205128,0.0,0.20512820512820512,0.17391304347826086,0.08695652173913043,0,0,1,0,0,1,0.021739130434782608
2020년 연말정산! 올해 달라진 항목과 연말정산 미리보기... ,전문_정보,"▼지금 연말정산 미리보기 서비스 이용하기▼ 2020년, 소득공제율이 확대되었습니다. 1~2월 3월 4~7월 8~12월 신용카드 15% 30% 80% 15% 직불·선불카드, 현금영수증 30% 60% 30% 도서·공연·박물관·미술관 등 전통시장... ",지금 연말정산 미리보기 서비스 이용하기 2020년 소득공제율이 확대되었습니다. 1~2월 3월 4~7월 8~12월 신용카드 15 30 80 15 직불 선불카드 현금영수증 30 60 30 도서 공연 박물관 미술관 등 전통시장.,0,96,124,2,48.0,12.0,36,19,2,0,0,1,0.5277777777777778,0.05555555555555555,0.0,0.0,0.027777777777777776,0.19791666666666666,0.010416666666666666,0,0,2,0,0,3,0.052083333333333336
"연말정산 실손의료비 공제, 조회하는 법, 가산세등 Q&amp;A",전문_정보,"2020년도 의료비를 지출하고 2021년에 실손 의료보험을 받았습니다. 언제 차감해야할까요? A. 2020년에... 연말정산 공제는 1년 뒤든, 3년 뒤든 잘못된 사항이 적출 될 수 있습니다. 국세를 부과할 수 있는... ",2020년도 의료비를 지출하고 2021년에 실손 의료보험을 받았습니다. 언제 차감해야할까요? A. 2020년에. 연말정산 공제는 1년 뒤든 3년 뒤든 잘못된 사항이 적출 될 수 있습니다. 국세를 부과할 수 있는.,0,92,118,6,15.333333333333334,11.77096238867305,53,19,7,2,0,8,0.3584905660377358,0.1320754716981132,0.03773584905660377,0.0,0.1509433962264151,0.20652173913043478,0.08695652173913043,0,0,5,0,1,0,0.06521739130434782
[공지] 2020년 연말정산 기부금 영수증 발급 안내,전문_정보,2020년 연말정산 기부금 영수증 발급 안내드립니다. 1. 기부금영수증 발급 기준 : 2020년 1월 1일 ~ 2020년 12월 31일 내 후원자 2. 기부금 유형 : 공제한도 개인소득금액의 30% / 소득세법 제 34조의제1항... ,2020년 연말정산 기부금 영수증 발급 안내드립니다. 1. 기부금영수증 발급 기준 2020년 1월 1일 ~ 2020년 12월 31일 내 후원자 2. 기부금 유형 공제한도 개인소득금액의 30 소득세법 제 34조의제1항.,0,94,121,4,23.5,13.238202294873727,46,21,1,0,0,1,0.45652173913043476,0.021739130434782608,0.0,0.0,0.021739130434782608,0.22340425531914893,0.010638297872340425,0,0,4,0,0,1,0.05319148936170213
"[2020 연말정산]의료비 세액공제(산후조리원, 난임시술비... ",전문_정보,100만원의 의료비를 지출했는데 실비보험에서 90만원을 받았다면 나머지 10만원만 공제받을 수 있는데요. 지금까지는 실손의료비 수령액을 조회하기 어려웠는데요. 2020년부터는 연말정산간소화에서 조회가... ,100만원의 의료비를 지출했는데 실비보험에서 90만원을 받았다면 나머지 10만원만 공제받을 수 있는데요. 지금까지는 실손의료비 수령액을 조회하기 어려웠는데요. 2020년부터는 연말정산간소화에서 조회가.,0,94,112,3,31.333333333333332,11.897712198383164,41,18,4,2,0,6,0.43902439024390244,0.0975609756097561,0.04878048780487805,0.0,0.14634146341463414,0.19148936170212766,0.06382978723404255,0,0,3,0,0,0,0.031914893617021274
"2020년 연말정산 바뀌는 점, 신용카드 소득공제 대상 제외항목",전문_정보,"월세액 : 세액공제를 적용받은 경우 10. 해외에서 사용한 금액 11. 자동차 렌트, 리스비 12. 면세품 구입비 제가 알고 있는 부분은 여기까지 입니다. 2020년 연말정산 바뀌는 점!!! 1. 내년에 올해 소득분 신고할 때... ",월세액 세액공제를 적용받은 경우 10. 해외에서 사용한 금액 11. 자동차 렌트 리스비 12. 면세품 구입비 제가 알고 있는 부분은 여기까지 입니다. 2020년 연말정산 바뀌는 점! 1. 내년에 올해 소득분 신고할 때.,0,92,122,7,13.142857142857142,5.890150893739515,54,28,3,2,0,8,0.5185185185185185,0.05555555555555555,0.037037037037037035,0.0,0.14814814814814814,0.30434782608695654,0.08695652173913043,0,0,6,1,0,0,0.07608695652173914
"연말정산 월세 세액공제 조건과 서류, 신청방법까지 간단 정리.",전문_정보,"연말정산 월세 세액공제 조건과 서류, 신청방법까지 간단 정리. 지난번에는 변화된 세액공제 혜택을... 예를들어 2019년 해당하는 1년치 월세를 신고하지 못했다면, 2020년 6월~2025년 5월까지 신청이 가능합니다.... ",연말정산 월세 세액공제 조건과 서류 신청방법까지 간단 정리. 지난번에는 변화된 세액공제 혜택을. 예를들어 2019년 해당하는 1년치 월세를 신고하지 못했다면 2020년 6월~2025년 5월까지 신청이 가능합니다.,0,95,118,3,31.666666666666668,15.627610892974724,46,20,5,1,0,7,0.43478260869565216,0.10869565217391304,0.021739130434782608,0.0,0.15217391304347827,0.21052631578947367,0.07368421052631578,0,0,3,0,0,1,0.042105263157894736
신용카드연말정산 때 참고하면 좋은 '공제한도',전문_정보,"신용카드연말정산에 공제된다는 점! 1,000만원 중 900만원을 신용카드로 소비했다면 남은 10~12월에 100만원 이상을 추가로 사용해야 합니다. 이때, 연말까지 100만원 이상을 카드로 소비할 것으로 예상한다면... ",신용카드연말정산에 공제된다는 점! 1 000만원 중 900만원을 신용카드로 소비했다면 남은 10~12월에 100만원 이상을 추가로 사용해야 합니다. 이때 연말까지 100만원 이상을 카드로 소비할 것으로 예상한다면.,0,96,119,3,32.0,14.445299120013633,46,18,6,0,1,9,0.391304347826087,0.13043478260869565,0.0,0.021739130434782608,0.1956521739130435,0.1875,0.09375,0,0,2,1,0,1,0.041666666666666664
"[2020 연말정산]연금계좌 세액공제(연금저축, IRP, 퇴직연금... ",전문_정보,"공제한도는 400만원이고, 퇴직연금(IRP)을 합치면 700만원까지 공제 받을 수 있습니다. 2020년부터는... 부분까지 연말정산 세액공제 대상이라고 생각하는 분들이 있는데요. 회사에서 퇴직금으로 넣어주는... ",공제한도는 400만원이고 퇴직연금 IRP 을 합치면 700만원까지 공제 받을 수 있습니다. 2020년부터는. 부분까지 연말정산 세액공제 대상이라고 생각하는 분들이 있는데요. 회사에서 퇴직금으로 넣어주는.,0,92,113,4,23.0,12.267844146385297,42,15,3,2,0,8,0.35714285714285715,0.07142857142857142,0.047619047619047616,0.0,0.19047619047619047,0.16304347826086957,0.08695652173913043,0,0,4,0,0,0,0.043478260869565216
"2020년 연말정산 무주택자... 이자, 월세 관련 세액공제 신고 방법",전문_정보,예를 들어 매월 10만원씩 1년 동안 120만원 청약통장에 납입했다면 120만원의 40%인 48만원에 대한 소득을 공제해주는 겁니다. 2020년 귀속 근로소득 연말정산 종합 안내.hwp 4.29MB [자격] 연간 총 급여액이... ,예를 들어 매월 10만원씩 1년 동안 120만원 청약통장에 납입했다면 120만원의 40 인 48만원에 대한 소득을 공제해주는 겁니다. 2020년 귀속 근로소득 연말정산 종합 안내.hwp 4.29MB 자격 연간 총 급여액이.,0,97,124,4,24.25,20.20365066021485,45,21,4,0,0,4,0.4666666666666667,0.08888888888888889,0.0,0.0,0.08888888888888889,0.21649484536082475,0.041237113402061855,0,0,4,0,0,0,0.041237113402061855
2020년 달라진 연말정산 알아보기!,전문_정보,연말정산이란 국세청에서 1년 동안 간이세액표에 따라 거둬들인 근로소득세를 연말에 다시 따져보고... 2020년 달라진 연말정산 알아보기! 높아진 소득공제율 2020년 올해는 코로나19가 장기화되면서 경기가... ,연말정산이란 국세청에서 1년 동안 간이세액표에 따라 거둬들인 근로소득세를 연말에 다시 따져보고. 2020년 달라진 연말정산 알아보기! 높아진 소득공제율 2020년 올해는 코로나19가 장기화되면서 경기가.,0,92,113,3,30.666666666666668,10.656244908763854,41,18,8,0,0,7,0.43902439024390244,0.1951219512195122,0.0,0.0,0.17073170731707318,0.1956521739130435,0.07608695652173914,0,0,2,1,0,0,0.03260869565217391
"[2020 연말정산]부양가족 공제 조건(나이요건, 소득요건... ",전문_정보,나이요건 배우자: 나이제한없음 직계존속: 만60세이상(2020년 기준 1960.12.31.이전 출생) 직계비속... 홈택스 연말정산간소화 부양가족 등록 홈택스 연말정산 간소화 부양가족 등록은 연말정산에 공제를 받겠다고... ,나이요건 배우자 나이제한없음 직계존속 만60세이상 2020년 기준 1960.12.31.이전 출생 직계비속. 홈택스 연말정산간소화 부양가족 등록 홈택스 연말정산 간소화 부양가족 등록은 연말정산에 공제를 받겠다고.,0,96,117,5,19.2,17.870646322950943,39,25,1,1,0,3,0.6410256410256411,0.02564102564102564,0.02564102564102564,0.0,0.07692307692307693,0.2604166666666667,0.03125,0,0,5,0,0,0,0.052083333333333336
"2020 연말정산 미리보기로... 월세, 달라지는 소득공제등 알아보기",전문_정보,"소득공제등에 대하여 알아봅니다 연말 정산,미리보기서비스이용, 2020 달라지는 공제,정산시기... 세금을 정산하는 과정을 말합니다. &lt;2&gt;.2020년 1월 연말 정산 미리 보기 써비스 이용하기 2020년 1월 2019년도... ",소득공제등에 대하여 알아봅니다 연말 정산 미리보기서비스이용 2020 달라지는 공제 정산시기. 세금을 정산하는 과정을 말합니다. 2 .2020년 1월 연말 정산 미리 보기 써비스 이용하기 2020년 1월 2019년도.,0,95,120,4,23.75,16.068213964221414,42,21,5,0,0,4,0.5,0.11904761904761904,0.0,0.0,0.09523809523809523,0.22105263157894736,0.042105263157894736,0,0,4,0,0,0,0.042105263157894736
"강남역 맛집 - 토끼정, 커리하우스빈103",맛집_리뷰,"이번에 강남역 토끼정 다녀왔는데 생각보다 분위기가 편해서 좋았어요. 음식도 깔끔하게 나와서 부담 없이 먹기 괜찮았고, 다음에 근처 가면 또 들러보고 싶더라고요. 사진으로 남겨두기에도 괜찮아서 기억에 오래 남을 것 같아요.",이번에 강남역 토끼정 다녀왔는데 생각보다 분위기가 편해서 좋았어요. 음식도 깔끔하게 나와서 부담 없이 먹기 괜찮았고 다음에 근처 가면 또 들러보고 싶더라고요. 사진으로 남겨두기에도 괜찮아서 기억에 오래 남을 것 같아요.,1,94,122,3,31.333333333333332,4.988876515698588,44,19,5,6,2,9,0.4318181818181818,0.11363636363636363,0.13636363636363635,0.045454545454545456,0.20454545454545456,0.20212765957446807,0.09574468085106383,2,0,3,0,0,0,0.031914893617021274
차이니즈 레스토랑 위크 강남역 맛집 스트릿 USBEEF 우육탕면,맛집_리뷰,가볍게 차이니즈 레스토랑에서 식사했는데 분위기가 너무 시끄럽지 않아 편했어요. 대표 메뉴가 깔끔했고 가격도 크게 부담스럽지 않아서 한 번쯤 가볼 만했답니다. 처음 가보는 분들도 크게 부담 없이 즐길 수 있을 것 같아요.,가볍게 차이니즈 레스토랑에서 식사했는데 분위기가 너무 시끄럽지 않아 편했어요. 대표 메뉴가 깔끔했고 가격도 크게 부담스럽지 않아서 한 번쯤 가볼 만했답니다. 처음 가보는 분들도 크게 부담 없이 즐길 수 있을 것 같아요.,1,92,122,3,30.666666666666668,4.784233364802441,44,17,8,6,2,6,0.38636363636363635,0.18181818181818182,0.13636363636363635,0.045454545454545456,0.13636363636363635,0.18478260869565216,0.06521739130434782,3,0,3,0,0,0,0.03260869565217391
강남역맛집:드뎌 먹었본 흑당버블티 타이거슈거,맛집_리뷰,"가볍게 강남역맛집 다녀왔는데 생각보다 분위기가 편해서 좋았어요. 음식도 깔끔하게 나와서 부담 없이 먹기 괜찮았고, 다음에 근처 가면 또 들러보고 싶더라고요. 기대보다 편하게 즐길 수 있어서 만족스러운 시간이었답니다.",가볍게 강남역맛집 다녀왔는데 생각보다 분위기가 편해서 좋았어요. 음식도 깔끔하게 나와서 부담 없이 먹기 괜찮았고 다음에 근처 가면 또 들러보고 싶더라고요. 기대보다 편하게 즐길 수 있어서 만족스러운 시간이었답니다.,1,93,119,3,31.0,5.0990195135927845,38,15,6,8,1,5,0.39473684210526316,0.15789473684210525,0.21052631578947367,0.02631578947368421,0.13157894736842105,0.16129032258064516,0.053763440860215055,2,0,3,0,0,0,0.03225806451612903
20191110_강남_하루하루(#강남역맛집),맛집_리뷰,오랜만에 20191110_강남_하루하루에서 식사했는데 분위기가 너무 시끄럽지 않아 편했어요. 대표 메뉴가 깔끔했고 가격도 크게 부담스럽지 않아서 한 번쯤 가볼 만했답니다. 짧게 들렀지만 생각보다 알차게 시간을 보냈어요.,오랜만에 20191110 강남 하루하루에서 식사했는데 분위기가 너무 시끄럽지 않아 편했어요. 대표 메뉴가 깔끔했고 가격도 크게 부담스럽지 않아서 한 번쯤 가볼 만했답니다. 짧게 들렀지만 생각보다 알차게 시간을 보냈어요.,1,96,122,3,32.0,8.602325267042627,42,14,8,5,1,8,0.3333333333333333,0.19047619047619047,0.11904761904761904,0.023809523809523808,0.19047619047619047,0.14583333333333334,0.08333333333333333,2,0,3,0,0,0,0.03125
크리스마스 분위기 가득나는 강남역 맛집 바비레드에서... ,맛집_리뷰,"크리스마스 분위기 다녀왔는데 생각보다 분위기가 편해서 좋았어요. 음식도 깔끔하게 나와서 부담 없이 먹기 괜찮았고, 다음에 근처 가면 또 들러보고 싶더라고요. 전체적으로 무난하면서도 기분 좋게 마무리할 수 있었어요.",크리스마스 분위기 다녀왔는데 생각보다 분위기가 편해서 좋았어요. 음식도 깔끔하게 나와서 부담 없이 먹기 괜찮았고 다음에 근처 가면 또 들러보고 싶더라고요. 전체적으로 무난하면서도 기분 좋게 마무리할 수 있었어요.,1,92,118,3,30.666666666666668,5.436502143433363,39,17,6,6,1,5,0.4358974358974359,0.15384615384615385,0.15384615384615385,0.02564102564102564,0.1282051282051282,0.18478260869565216,0.05434782608695652,1,0,3,0,0,0,0.03260869565217391
2019년 12월의 일상 (사진스압),맛집_리뷰,"오랜만에 12월의 다녀왔는데 생각보다 분위기가 편해서 좋았어요. 음식도 깔끔하게 나와서 부담 없이 먹기 괜찮았고, 다음에 근처 가면 또 들러보고 싶더라고요. 사진으로 남겨두기에도 괜찮아서 기억에 오래 남을 것 같아요.",오랜만에 12월의 다녀왔는데 생각보다 분위기가 편해서 좋았어요. 음식도 깔끔하게 나와서 부담 없이 먹기 괜찮았고 다음에 근처 가면 또 들러보고 싶더라고요. 사진으로 남겨두기에도 괜찮아서 기억에 오래 남을 것 같아요.,1,93,120,3,31.0,5.0990195135927845,44,16,5,6,2,9,0.36363636363636365,0.11363636363636363,0.13636363636363635,0.045454545454545456,0.20454545454545456,0.17204301075268819,0.0967741935483871,2,0,3,0,0,0,0.03225806451612903
[강남역맛집] 홍콩식... 탄탄면이 생각나면 _ 제레미20 강남역점,맛집_리뷰,"이번에 강남역맛집 홍콩식... 다녀왔는데 생각보다 분위기가 편해서 좋았어요. 음식도 깔끔하게 나와서 부담 없이 먹기 괜찮았고, 다음에 근처 가면 또 들러보고 싶더라고요. 처음 가보는 분들도 크게 부담 없이 즐길 수 있을 것 같아요.",이번에 강남역맛집 홍콩식. 다녀왔는데 생각보다 분위기가 편해서 좋았어요. 음식도 깔끔하게 나와서 부담 없이 먹기 괜찮았고 다음에 근처 가면 또 들러보고 싶더라고요. 처음 가보는 분들도 크게 부담 없이 즐길 수 있을 것 같아요.,1,95,126,4,23.75,9.33742469849155,46,20,6,6,2,6,0.43478260869565216,0.13043478260869565,0.13043478260869565,0.043478260869565216,0.13043478260869565,0.21052631578947367,0.06315789473684211,2,0,4,0,0,0,0.042105263157894736
유나이티드 갤러리 2019년 9월 U매거진 셋째주 전시_다나 박... ,맛집_리뷰,이번에 친구랑 유나이티드 갤러리에 갔는데 전체적으로 무난해서 좋았어요. 음식 나오는 속도도 괜찮고 맛도 기대 이상이라 근처 맛집 찾는 분들께 추천드려요. 기대보다 편하게 즐길 수 있어서 만족스러운 시간이었답니다.,이번에 친구랑 유나이티드 갤러리에 갔는데 전체적으로 무난해서 좋았어요. 음식 나오는 속도도 괜찮고 맛도 기대 이상이라 근처 맛집 찾는 분들께 추천드려요. 기대보다 편하게 즐길 수 있어서 만족스러운 시간이었답니다.,1,92,118,3,30.666666666666668,3.39934634239519,44,18,7,5,0,9,0.4090909090909091,0.1590909090909091,0.11363636363636363,0.0,0.20454545454545456,0.1956521739130435,0.09782608695652174,2,0,3,0,0,0,0.03260869565217391
2019년 8월 일상 이야기 (1) - 서울 나들이,맛집_리뷰,8월은 가볍게 들른 곳인데 은근 기억에 남았어요. 메뉴가 깔끔하고 직원분들도 친절해서 편하게 먹고 왔습니다. 재방문 의사 있어요. 짧게 들렀지만 생각보다 알차게 시간을 보냈어요. 다음에는 조금 더 여유 있게 다시 가보고 싶어요.,8월은 가볍게 들른 곳인데 은근 기억에 남았어요. 메뉴가 깔끔하고 직원분들도 친절해서 편하게 먹고 왔습니다. 재방문 의사 있어요. 짧게 들렀지만 생각보다 알차게 시간을 보냈어요. 다음에는 조금 더 여유 있게 다시 가보고 싶어요.,1,97,127,5,19.4,5.607138307550474,46,15,8,8,0,7,0.32608695652173914,0.17391304347826086,0.17391304347826086,0.0,0.15217391304347827,0.15463917525773196,0.07216494845360824,1,0,5,0,0,0,0.05154639175257732
2019년 4월의 일상_늦게 쓰는 4월 일기,맛집_리뷰,근처에서 밥 먹을 곳 찾다가 4월의 일상_늦게에 들렀어요. 맛이 자극적이지 않고 양도 적당해서 만족했답니다. 웨이팅만 조금 피하면 더 좋을 것 같아요. 전체적으로 무난하면서도 기분 좋게 마무리할 수 있었어요. 기대보다,근처에서 밥 먹을 곳 찾다가 4월의 일상 늦게에 들렀어요. 맛이 자극적이지 않고 양도 적당해서 만족했답니다. 웨이팅만 조금 피하면 더 좋을 것 같아요. 전체적으로 무난하면서도 기분 좋게 마무리할 수 있었어요. 기대보다,1,92,121,5,18.4,7.337574531137657,46,18,7,6,0,7,0.391304347826087,0.15217391304347827,0.13043478260869565,0.0,0.15217391304347827,0.1956521739130435,0.07608695652173914,2,0,4,0,0,0,0.043478260869565216
[내돈내산] 아이폰12Pro그래파이트 256GB 주문/배송 후기 #11... ,상품_리뷰,"내돈내산 아이폰12Pro그래파이트는 직접 써보니 장단점이 분명했어요. 그래도 가격이나 사용감까지 생각하면 꽤 무난했고, 필요한 분들께는 참고가 될 것 같아요. 기대보다 편하게 즐길 수 있어서 만족스러운 시간이었답니다.",내돈내산 아이폰12Pro그래파이트는 직접 써보니 장단점이 분명했어요. 그래도 가격이나 사용감까지 생각하면 꽤 무난했고 필요한 분들께는 참고가 될 것 같아요. 기대보다 편하게 즐길 수 있어서 만족스러운 시간이었답니다.,1,96,120,3,32.0,4.546060565661952,47,17,8,7,1,6,0.3617021276595745,0.1702127659574468,0.14893617021276595,0.02127659574468085,0.1276595744680851,0.17708333333333334,0.0625,3,0,3,0,0,0,0.03125
내돈내산 아이폰11프로맥스케이스 Fur퍼케이스 이쁨주의♡,상품_리뷰,"가볍게 내돈내산 아이폰11프로맥스케이스는 가볍게 써보기 좋은 제품이었어요. 기대를 너무 크게 하지 않으면 만족도가 높고, 실사용 기준으로는 꽤 괜찮게 느껴졌답니다. 개인적으로는 너무 과하지 않은 점이 마음에 들었어요.",가볍게 내돈내산 아이폰11프로맥스케이스는 가볍게 써보기 좋은 제품이었어요. 기대를 너무 크게 하지 않으면 만족도가 높고 실사용 기준으로는 꽤 괜찮게 느껴졌답니다. 개인적으로는 너무 과하지 않은 점이 마음에 들었어요.,1,95,120,3,31.666666666666668,6.182412330330469,48,19,8,5,2,7,0.3958333333333333,0.16666666666666666,0.10416666666666667,0.041666666666666664,0.14583333333333334,0.2,0.07368421052631578,1,0,3,0,0,0,0.031578947368421054
아이폰11pro/ 김혜수 아르노 폰 스트랩/ 내돈내산후기,상품_리뷰,이번에 아이폰11pro 김혜수 사용해보니 처음 기대했던 것보다 만족도가 괜찮았어요. 큰 단점은 없었고 일상에서 쓰기 편해서 당분간 계속 써볼 생각입니다. 사진으로 남겨두기에도 괜찮아서 기억에 오래 남을 것 같아요.,이번에 아이폰11pro 김혜수 사용해보니 처음 기대했던 것보다 만족도가 괜찮았어요. 큰 단점은 없었고 일상에서 쓰기 편해서 당분간 계속 써볼 생각입니다. 사진으로 남겨두기에도 괜찮아서 기억에 오래 남을 것 같아요.,1,93,119,3,31.0,5.0990195135927845,45,19,4,7,1,9,0.4222222222222222,0.08888888888888889,0.15555555555555556,0.022222222222222223,0.2,0.20430107526881722,0.0967741935483871,1,0,3,0,0,0,0.03225806451612903
리뷰 :: 아이폰11프로케이스 내돈내산 후기,상품_리뷰,"이번에 아이폰11프로케이스 내돈내산은 가볍게 써보기 좋은 제품이었어요. 기대를 너무 크게 하지 않으면 만족도가 높고, 실사용 기준으로는 꽤 괜찮게 느껴졌답니다. 사진으로 남겨두기에도 괜찮아서 기억에 오래 남을 것 같아요.",이번에 아이폰11프로케이스 내돈내산은 가볍게 써보기 좋은 제품이었어요. 기대를 너무 크게 하지 않으면 만족도가 높고 실사용 기준으로는 꽤 괜찮게 느껴졌답니다. 사진으로 남겨두기에도 괜찮아서 기억에 오래 남을 것 같아요.,1,96,122,3,32.0,4.546060565661952,49,20,6,6,2,9,0.40816326530612246,0.12244897959183673,0.12244897959183673,0.04081632653061224,0.1836734693877551,0.20833333333333334,0.09375,2,0,3,0,0,0,0.03125
"나도샀다이거야, 아이폰11pro256, 블루폰, 내돈내산... ",상품_리뷰,"나도샀다이거야 아이폰11pro256는 가볍게 써보기 좋은 제품이었어요. 기대를 너무 크게 하지 않으면 만족도가 높고, 실사용 기준으로는 꽤 괜찮게 느껴졌답니다. 개인적으로는 너무 과하지 않은 점이 마음에 들었어요.",나도샀다이거야 아이폰11pro256는 가볍게 써보기 좋은 제품이었어요. 기대를 너무 크게 하지 않으면 만족도가 높고 실사용 기준으로는 꽤 괜찮게 느껴졌답니다. 개인적으로는 너무 과하지 않은 점이 마음에 들었어요.,1,94,118,3,31.333333333333332,6.018490028422596,44,14,11,4,2,6,0.3181818181818182,0.25,0.09090909090909091,0.045454545454545456,0.13636363636363635,0.14893617021276595,0.06382978723404255,1,0,3,0,0,0,0.031914893617021274
"&lt;내돈내산&gt; 아이폰, 에이팟프로 애플케어플러스 가입하기... ",상품_리뷰,며칠 동안 &lt;내돈내산&gt;를 써봤는데 생각보다 손이 자주 가더라고요. 사용법도 어렵지 않고 마감도 괜찮아서 전체적으로 만족했어요. 짧게 들렀지만 생각보다 알차게 시간을 보냈어요. 다음에는 조금 더 여유 있게 다시 가보고 싶어요.,며칠 동안 내돈내산 를 써봤는데 생각보다 손이 자주 가더라고요. 사용법도 어렵지 않고 마감도 괜찮아서 전체적으로 만족했어요. 짧게 들렀지만 생각보다 알차게 시간을 보냈어요. 다음에는 조금 더 여유 있게 다시 가보고 싶어요.,1,95,124,4,23.75,3.2691742076555053,47,19,8,6,0,7,0.40425531914893614,0.1702127659574468,0.1276595744680851,0.0,0.14893617021276595,0.2,0.07368421052631578,3,0,4,0,0,0,0.042105263157894736
2020년 연말정산 소득공제 달라진 점 알아보기!,전문_정보,연말정산을 하면서 오랜만에 여유를 느꼈어요. 바쁜 와중에 잠깐 쉬어가는 시간이 생긴 것 같아서 꽤 괜찮은 하루였답니다. 전체적으로 무난하면서도 기분 좋게 마무리할 수 있었어요. 다음에는 조금 더 여유 있게 다시 가보고 싶어요.,연말정산을 하면서 오랜만에 여유를 느꼈어요. 바쁜 와중에 잠깐 쉬어가는 시간이 생긴 것 같아서 꽤 괜찮은 하루였답니다. 전체적으로 무난하면서도 기분 좋게 마무리할 수 있었어요. 다음에는 조금 더 여유 있게 다시 가보고 싶어요.,1,96,126,4,24.0,4.527692569068709,47,19,9,6,0,7,0.40425531914893614,0.19148936170212766,0.1276595744680851,0.0,0.14893617021276595,0.19791666666666666,0.07291666666666667,2,0,4,0,0,0,0.041666666666666664
"[비젠트로] 2020년 연말정산, ' 커진 혜택' 공제 항목 알아보기",전문_정보,비젠트로를 하면서 오랜만에 여유를 느꼈어요. 바쁜 와중에 잠깐 쉬어가는 시간이 생긴 것 같아서 꽤 괜찮은 하루였답니다. 처음 가보는 분들도 크게 부담 없이 즐길 수 있을 것 같아요. 다음에는 조금 더 여유 있게 다시 가보고 싶어요.,비젠트로를 하면서 오랜만에 여유를 느꼈어요. 바쁜 와중에 잠깐 쉬어가는 시간이 생긴 것 같아서 꽤 괜찮은 하루였답니다. 처음 가보는 분들도 크게 부담 없이 즐길 수 있을 것 같아요. 다음에는 조금 더 여유 있게 다시 가보고 싶어요.,1,95,129,4,23.75,4.493050188902857,49,20,9,6,1,7,0.40816326530612246,0.1836734693877551,0.12244897959183673,0.02040816326530612,0.14285714285714285,0.21052631578947367,0.07368421052631578,3,0,4,0,0,0,0.042105263157894736
"2020년 연말정산, 13일의 월급 알차게 챙기자!",전문_정보,"요즘 연말정산 때문에 생각이 많았는데, 직접 해보니 생각보다 어렵지 않았어요. 천천히 정리하니 마음도 조금 편해진 느낌입니다. 다음에는 조금 더 여유 있게 다시 가보고 싶어요. 개인적으로는 너무 과하지 않은 점이 마음에 들었어요.",요즘 연말정산 때문에 생각이 많았는데 직접 해보니 생각보다 어렵지 않았어요. 천천히 정리하니 마음도 조금 편해진 느낌입니다. 다음에는 조금 더 여유 있게 다시 가보고 싶어요. 개인적으로는 너무 과하지 않은 점이 마음에 들었어요.,1,97,127,4,24.25,5.165994579942956,47,19,8,5,2,8,0.40425531914893614,0.1702127659574468,0.10638297872340426,0.0425531914893617,0.1702127659574468,0.1958762886597938,0.08247422680412371,1,0,4,0,0,0,0.041237113402061855
[연말 정산]2020년 연말 정산 코로나 특별 공제.,전문_정보,연말 정산을 하면서 오랜만에 여유를 느꼈어요. 바쁜 와중에 잠깐 쉬어가는 시간이 생긴 것 같아서 꽤 괜찮은 하루였답니다. 개인적으로는 너무 과하지 않은 점이 마음에 들었어요. 짧게 들렀지만 생각보다 알차게 시간을 보냈어요.,연말 정산을 하면서 오랜만에 여유를 느꼈어요. 바쁜 와중에 잠깐 쉬어가는 시간이 생긴 것 같아서 꽤 괜찮은 하루였답니다. 개인적으로는 너무 과하지 않은 점이 마음에 들었어요. 짧게 들렀지만 생각보다 알차게 시간을 보냈어요.,1,95,124,4,23.75,4.322904116447646,48,16,10,5,1,10,0.3333333333333333,0.20833333333333334,0.10416666666666667,0.020833333333333332,0.20833333333333334,0.16842105263157894,0.10526315789473684,1,0,4,0,0,0,0.042105263157894736
2020년 연말정산 소득공제 알아보기,전문_정보,연말정산을 하면서 오랜만에 여유를 느꼈어요. 바쁜 와중에 잠깐 쉬어가는 시간이 생긴 것 같아서 꽤 괜찮은 하루였답니다. 다음에는 조금 더 여유 있게 다시 가보고 싶어요. 짧게 들렀지만 생각보다 알차게 시간을 보냈어요.,연말정산을 하면서 오랜만에 여유를 느꼈어요. 바쁜 와중에 잠깐 쉬어가는 시간이 생긴 것 같아서 꽤 괜찮은 하루였답니다. 다음에는 조금 더 여유 있게 다시 가보고 싶어요. 짧게 들렀지만 생각보다 알차게 시간을 보냈어요.,1,92,121,4,23.0,4.636809247747852,44,16,9,6,0,8,0.36363636363636365,0.20454545454545456,0.13636363636363635,0.0,0.18181818181818182,0.17391304347826086,0.08695652173913043,2,0,4,0,0,0,0.043478260869565216
"[부자되'세'요] 2020년 연말정산, 달라진 혜택으로 세(稅)테크... ",전문_정보,부자되세요를 하면서 오랜만에 여유를 느꼈어요. 바쁜 와중에 잠깐 쉬어가는 시간이 생긴 것 같아서 꽤 괜찮은 하루였답니다. 다음에는 조금 더 여유 있게 다시 가보고 싶어요. 개인적으로는 너무 과하지 않은 점이 마음에 들었어요.,부자되세요를 하면서 오랜만에 여유를 느꼈어요. 바쁜 와중에 잠깐 쉬어가는 시간이 생긴 것 같아서 꽤 괜찮은 하루였답니다. 다음에는 조금 더 여유 있게 다시 가보고 싶어요. 개인적으로는 너무 과하지 않은 점이 마음에 들었어요.,1,95,125,4,23.75,4.322904116447646,49,19,11,4,1,8,0.3877551020408163,0.22448979591836735,0.08163265306122448,0.02040816326530612,0.16326530612244897,0.2,0.08421052631578947,2,0,4,0,0,0,0.042105263157894736
"2020년 연말정산 소득공제 총정리 (기간, 변경내용, 신용카드... ",전문_정보,"요즘 연말정산 때문에 생각이 많았는데, 직접 해보니 생각보다 어렵지 않았어요. 천천히 정리하니 마음도 조금 편해진 느낌입니다. 개인적으로는 너무 과하지 않은 점이 마음에 들었어요. 다음에는 조금 더 여유 있게 다시 가보고 싶어요.",요즘 연말정산 때문에 생각이 많았는데 직접 해보니 생각보다 어렵지 않았어요. 천천히 정리하니 마음도 조금 편해진 느낌입니다. 개인적으로는 너무 과하지 않은 점이 마음에 들었어요. 다음에는 조금 더 여유 있게 다시 가보고 싶어요.,1,97,127,4,24.25,5.165994579942956,47,19,8,5,2,8,0.40425531914893614,0.1702127659574468,0.10638297872340426,0.0425531914893617,0.1702127659574468,0.1958762886597938,0.08247422680412371,1,0,4,0,0,0,0.041237113402061855
2020년 연말정산 소득공제 총정리!,전문_정보,"오늘은 연말정산에 대해 짧게 남겨봅니다. 큰 기대 없이 시작했는데 생각보다 만족스러웠고, 다음에도 비슷하게 해보고 싶어요. 다음에는 조금 더 여유 있게 다시 가보고 싶어요. 짧게 들렀지만 생각보다 알차게 시간을 보냈어요.",오늘은 연말정산에 대해 짧게 남겨봅니다. 큰 기대 없이 시작했는데 생각보다 만족스러웠고 다음에도 비슷하게 해보고 싶어요. 다음에는 조금 더 여유 있게 다시 가보고 싶어요. 짧게 들렀지만 생각보다 알차게 시간을 보냈어요.,1,94,122,4,23.5,6.726812023536855,42,14,10,6,1,7,0.3333333333333333,0.23809523809523808,0.14285714285714285,0.023809523809523808,0.16666666666666666,0.14893617021276595,0.07446808510638298,2,0,4,0,0,0,0.0425531914893617
"2020년 연말정산 월세 소득공제, 자료제공 동의 방법",전문_정보,연말정산 월세를 하면서 오랜만에 여유를 느꼈어요. 바쁜 와중에 잠깐 쉬어가는 시간이 생긴 것 같아서 꽤 괜찮은 하루였답니다. 다음에는 조금 더 여유 있게 다시 가보고 싶어요. 처음 가보는 분들도 크게 부담 없이 즐길 수 있을 것 같아요.,연말정산 월세를 하면서 오랜만에 여유를 느꼈어요. 바쁜 와중에 잠깐 쉬어가는 시간이 생긴 것 같아서 꽤 괜찮은 하루였답니다. 다음에는 조금 더 여유 있게 다시 가보고 싶어요. 처음 가보는 분들도 크게 부담 없이 즐길 수 있을 것 같아요.,1,97,132,4,24.25,4.14578098794425,50,21,9,6,1,7,0.42,0.18,0.12,0.02,0.14,0.21649484536082475,0.07216494845360824,3,0,4,0,0,0,0.041237113402061855
2020년 연말정산 한시적으로 달라지는 신용카드소득공제,전문_정보,연말정산을 하면서 오랜만에 여유를 느꼈어요. 바쁜 와중에 잠깐 쉬어가는 시간이 생긴 것 같아서 꽤 괜찮은 하루였답니다. 처음 가보는 분들도 크게 부담 없이 즐길 수 있을 것 같아요. 다음에는 조금 더 여유 있게 다시 가보고 싶어요.,연말정산을 하면서 오랜만에 여유를 느꼈어요. 바쁜 와중에 잠깐 쉬어가는 시간이 생긴 것 같아서 꽤 괜찮은 하루였답니다. 처음 가보는 분들도 크게 부담 없이 즐길 수 있을 것 같아요. 다음에는 조금 더 여유 있게 다시 가보고 싶어요.,1,95,129,4,23.75,4.493050188902857,49,20,9,6,1,7,0.40816326530612246,0.1836734693877551,0.12244897959183673,0.02040816326530612,0.14285714285714285,0.21052631578947367,0.07368421052631578,3,0,4,0,0,0,0.042105263157894736
2020 연말정산 소득공제 홈택스 이용해서 미리보기 veiw,전문_정보,연말정산을 하면서 오랜만에 여유를 느꼈어요. 바쁜 와중에 잠깐 쉬어가는 시간이 생긴 것 같아서 꽤 괜찮은 하루였답니다. 기대보다 편하게 즐길 수 있어서 만족스러운 시간이었답니다. 다음에는 조금 더 여유 있게 다시 가보고 싶어요.,연말정산을 하면서 오랜만에 여유를 느꼈어요. 바쁜 와중에 잠깐 쉬어가는 시간이 생긴 것 같아서 꽤 괜찮은 하루였답니다. 기대보다 편하게 즐길 수 있어서 만족스러운 시간이었답니다. 다음에는 조금 더 여유 있게 다시 가보고 싶어요.,1,97,127,4,24.25,4.602988159880492,45,17,9,7,0,7,0.37777777777777777,0.2,0.15555555555555556,0.0,0.15555555555555556,0.17525773195876287,0.07216494845360824,3,0,4,0,0,0,0.041237113402061855
[안내] 2020년 연말정산 기부금영수증 발급,전문_정보,"오늘은 안내에 대해 짧게 남겨봅니다. 큰 기대 없이 시작했는데 생각보다 만족스러웠고, 다음에도 비슷하게 해보고 싶어요. 짧게 들렀지만 생각보다 알차게 시간을 보냈어요. 다음에는 조금 더 여유 있게 다시 가보고 싶어요.",오늘은 안내에 대해 짧게 남겨봅니다. 큰 기대 없이 시작했는데 생각보다 만족스러웠고 다음에도 비슷하게 해보고 싶어요. 짧게 들렀지만 생각보다 알차게 시간을 보냈어요. 다음에는 조금 더 여유 있게 다시 가보고 싶어요.,1,92,120,4,23.0,7.176350047203662,42,14,10,6,1,7,0.3333333333333333,0.23809523809523808,0.14285714285714285,0.023809523809523808,0.16666666666666666,0.15217391304347827,0.07608695652173914,2,0,4,0,0,0,0.043478260869565216
미리보기' 2020년 연말정산 달라진 소득공제 - 신화회계법인... ,전문_정보,미리보기를 하면서 오랜만에 여유를 느꼈어요. 바쁜 와중에 잠깐 쉬어가는 시간이 생긴 것 같아서 꽤 괜찮은 하루였답니다. 다음에는 조금 더 여유 있게 다시 가보고 싶어요. 처음 가보는 분들도 크게 부담 없이 즐길 수 있을 것 같아요.,미리보기를 하면서 오랜만에 여유를 느꼈어요. 바쁜 와중에 잠깐 쉬어가는 시간이 생긴 것 같아서 꽤 괜찮은 하루였답니다. 다음에는 조금 더 여유 있게 다시 가보고 싶어요. 처음 가보는 분들도 크게 부담 없이 즐길 수 있을 것 같아요.,1,95,129,4,23.75,4.493050188902857,49,20,9,6,1,7,0.40816326530612246,0.1836734693877551,0.12244897959183673,0.02040816326530612,0.14285714285714285,0.21052631578947367,0.07368421052631578,3,0,4,0,0,0,0.042105263157894736
소득공제 (2020년 연말정산(2019년 귀속 근로소득) 적용... ,전문_정보,"오늘은 소득공제에 대해 짧게 남겨봅니다. 큰 기대 없이 시작했는데 생각보다 만족스러웠고, 다음에도 비슷하게 해보고 싶어요. 다음에는 조금 더 여유 있게 다시 가보고 싶어요. 개인적으로는 너무 과하지 않은 점이 마음에 들었어요.",오늘은 소득공제에 대해 짧게 남겨봅니다. 큰 기대 없이 시작했는데 생각보다 만족스러웠고 다음에도 비슷하게 해보고 싶어요. 다음에는 조금 더 여유 있게 다시 가보고 싶어요. 개인적으로는 너무 과하지 않은 점이 마음에 들었어요.,1,96,125,4,24.0,6.59545297913646,46,16,11,4,2,8,0.34782608695652173,0.2391304347826087,0.08695652173913043,0.043478260869565216,0.17391304347826086,0.16666666666666666,0.08333333333333333,2,0,4,0,0,0,0.041666666666666664
2020년 귀속 연말정산 총정리,전문_정보,귀속을 하면서 오랜만에 여유를 느꼈어요. 바쁜 와중에 잠깐 쉬어가는 시간이 생긴 것 같아서 꽤 괜찮은 하루였답니다. 전체적으로 무난하면서도 기분 좋게 마무리할 수 있었어요. 개인적으로는 너무 과하지 않은 점이 마음에 들었어요.,귀속을 하면서 오랜만에 여유를 느꼈어요. 바쁜 와중에 잠깐 쉬어가는 시간이 생긴 것 같아서 꽤 괜찮은 하루였답니다. 전체적으로 무난하면서도 기분 좋게 마무리할 수 있었어요. 개인적으로는 너무 과하지 않은 점이 마음에 들었어요.,1,97,126,4,24.25,4.656984002549289,50,18,10,5,1,9,0.36,0.2,0.1,0.02,0.18,0.18556701030927836,0.09278350515463918,1,0,4,0,0,0,0.041237113402061855
"[2020 연말정산]연금계좌 세액공제(연금저축, IRP, 퇴직연금... ",전문_정보,"요즘 연말정산 때문에 생각이 많았는데, 직접 해보니 생각보다 어렵지 않았어요. 천천히 정리하니 마음도 조금 편해진 느낌입니다. 짧게 들렀지만 생각보다 알차게 시간을 보냈어요. 다음에는 조금 더 여유 있게 다시 가보고 싶어요.",요즘 연말정산 때문에 생각이 많았는데 직접 해보니 생각보다 어렵지 않았어요. 천천히 정리하니 마음도 조금 편해진 느낌입니다. 짧게 들렀지만 생각보다 알차게 시간을 보냈어요. 다음에는 조금 더 여유 있게 다시 가보고 싶어요.,1,95,124,4,23.75,5.356071321407137,43,17,7,7,1,7,0.3953488372093023,0.16279069767441862,0.16279069767441862,0.023255813953488372,0.16279069767441862,0.17894736842105263,0.07368421052631578,1,0,4,0,0,0,0.042105263157894736
2020년 연말정산 기간과 달라진 점,전문_정보,"요즘 연말정산 때문에 생각이 많았는데, 직접 해보니 생각보다 어렵지 않았어요. 천천히 정리하니 마음도 조금 편해진 느낌입니다. 짧게 들렀지만 생각보다 알차게 시간을 보냈어요. 다음에는 조금 더 여유 있게 다시 가보고 싶어요.",요즘 연말정산 때문에 생각이 많았는데 직접 해보니 생각보다 어렵지 않았어요. 천천히 정리하니 마음도 조금 편해진 느낌입니다. 짧게 들렀지만 생각보다 알차게 시간을 보냈어요. 다음에는 조금 더 여유 있게 다시 가보고 싶어요.,1,95,124,4,23.75,5.356071321407137,43,17,7,7,1,7,0.3953488372093023,0.16279069767441862,0.16279069767441862,0.023255813953488372,0.16279069767441862,0.17894736842105263,0.07368421052631578,1,0,4,0,0,0,0.042105263157894736
2020 기부금 영수증 발급 안내 | 연말정산 및 세액공제(적십자... ,전문_정보,"오늘은 기부금 영수증에 대해 짧게 남겨봅니다. 큰 기대 없이 시작했는데 생각보다 만족스러웠고, 다음에도 비슷하게 해보고 싶어요. 짧게 들렀지만 생각보다 알차게 시간을 보냈어요. 다음에는 조금 더 여유 있게 다시 가보고 싶어요.",오늘은 기부금 영수증에 대해 짧게 남겨봅니다. 큰 기대 없이 시작했는데 생각보다 만족스러웠고 다음에도 비슷하게 해보고 싶어요. 짧게 들렀지만 생각보다 알차게 시간을 보냈어요. 다음에는 조금 더 여유 있게 다시 가보고 싶어요.,1,96,125,4,24.0,6.363961030678928,44,15,10,6,1,7,0.3409090909090909,0.22727272727272727,0.13636363636363635,0.022727272727272728,0.1590909090909091,0.15625,0.07291666666666667,2,0,4,0,0,0,0.041666666666666664
2020년 연말정산 부양가족 인적공제 아동복지법 위탁아동... ,전문_정보,연말정산을 하면서 오랜만에 여유를 느꼈어요. 바쁜 와중에 잠깐 쉬어가는 시간이 생긴 것 같아서 꽤 괜찮은 하루였답니다. 짧게 들렀지만 생각보다 알차게 시간을 보냈어요. 처음 가보는 분들도 크게 부담 없이 즐길 수 있을 것 같아요.,연말정산을 하면서 오랜만에 여유를 느꼈어요. 바쁜 와중에 잠깐 쉬어가는 시간이 생긴 것 같아서 꽤 괜찮은 하루였답니다. 짧게 들렀지만 생각보다 알차게 시간을 보냈어요. 처음 가보는 분들도 크게 부담 없이 즐길 수 있을 것 같아요.,1,96,128,4,24.0,4.301162633521313,48,17,9,7,1,8,0.3541666666666667,0.1875,0.14583333333333334,0.020833333333333332,0.16666666666666666,0.17708333333333334,0.08333333333333333,2,0,4,0,0,0,0.041666666666666664
"2020년 출산휴가, 육아휴직급여 연말정산 모든것(feat.... ",전문_정보,"오늘은 출산휴가에 대해 짧게 남겨봅니다. 큰 기대 없이 시작했는데 생각보다 만족스러웠고, 다음에도 비슷하게 해보고 싶어요. 짧게 들렀지만 생각보다 알차게 시간을 보냈어요. 다음에는 조금 더 여유 있게 다시 가보고 싶어요.",오늘은 출산휴가에 대해 짧게 남겨봅니다. 큰 기대 없이 시작했는데 생각보다 만족스러웠고 다음에도 비슷하게 해보고 싶어요. 짧게 들렀지만 생각보다 알차게 시간을 보냈어요. 다음에는 조금 더 여유 있게 다시 가보고 싶어요.,1,94,122,4,23.5,6.726812023536855,42,14,10,6,1,7,0.3333333333333333,0.23809523809523808,0.14285714285714285,0.023809523809523808,0.16666666666666666,0.14893617021276595,0.07446808510638298,2,0,4,0,0,0,0.0425531914893617
